"Maximum head changes for Stress Period     1, Time Step     1"
Iteration,Max_chg,Layer,Row,Column,Damp,Hprev,Hcurr
        1,  -10.000    ,     1,     38,     60,  0.31451E-03,   553.1986    ,   543.1986    
        2,  -10.000    ,     5,     56,     61,  0.22537E-01,   924.5182    ,   914.5182    
        3,  -10.000    ,     5,     56,     61,  0.22565E-01,   914.5182    ,   904.5182    
        4,  -4.3693    ,     5,     56,     61,  0.10000E-01,   904.5182    ,   900.1489    
        5,  -4.3438    ,     5,     56,     61,  0.10000E-01,   900.1489    ,   895.8051    
        6,  -10.000    ,     5,     56,     61,  0.23243E-01,   895.8051    ,   885.8051    
        7,  -4.2160    ,     5,     56,     61,  0.10000E-01,   885.8051    ,   881.5891    
        8,  -10.000    ,     5,     56,     61,  0.23936E-01,   881.5891    ,   871.5891    
        9,  -10.000    ,     5,     56,     61,  0.24403E-01,   871.5891    ,   861.5891    
       10,  -10.000    ,     5,     56,     61,  0.25000E-01,   861.5891    ,   851.5891    
       11,  -10.000    ,     5,     56,     61,  0.25556E-01,   851.5891    ,   841.5891    
       12,  -10.000    ,     5,     56,     61,  0.26155E-01,   841.5891    ,   831.5891    
       13,  -3.7322    ,     5,     56,     61,  0.10000E-01,   831.5891    ,   827.8569    
       14,  -3.6958    ,     5,     56,     61,  0.10000E-01,   827.8569    ,   824.1610    
       15,  -10.000    ,     5,     56,     61,  0.27316E-01,   824.1610    ,   814.1610    
       16,  -10.000    ,     5,     56,     61,  0.28083E-01,   814.1610    ,   804.1610    
       17,  -3.4961    ,     5,     56,     61,  0.10000E-01,   804.1610    ,   800.6649    
       18,  -10.000    ,     5,     56,     61,  0.28756E-01,   800.6649    ,   790.6649    
       19, -0.33835    ,     5,     56,     61,  0.10000E-02,   790.6649    ,   790.3265    
       20,  -10.000    ,     5,     56,     61,  0.29563E-01,   790.3265    ,   780.3265    
       21,  -3.2844    ,     5,     56,     61,  0.10000E-01,   780.3265    ,   777.0421    
       22,  -3.2518    ,     5,     56,     61,  0.10000E-01,   777.0421    ,   773.7902    
       23,  -3.2217    ,     5,     56,     61,  0.10000E-01,   773.7902    ,   770.5685    
       24,  -10.000    ,     5,     56,     61,  0.31353E-01,   770.5685    ,   760.5685    
       25,  -3.0973    ,     5,     56,     61,  0.10000E-01,   760.5685    ,   757.4712    
       26,  -10.000    ,     5,     56,     61,  0.32581E-01,   757.4712    ,   747.4712    
       27,  -2.9745    ,     5,     56,     61,  0.10000E-01,   747.4712    ,   744.4967    
       28,  -10.000    ,     5,     56,     61,  0.33940E-01,   744.4967    ,   734.4967    
       29,  -2.8517    ,     5,     56,     61,  0.10000E-01,   734.4967    ,   731.6450    
       30,  -10.000    ,     5,     56,     61,  0.35402E-01,   731.6450    ,   721.6450    
       31, -0.27432E-01,     5,     56,     61,  0.10000E-03,   721.6450    ,   721.6176    
       32,  -10.000    ,     5,     56,     61,  0.36437E-01,   721.6176    ,   711.6176    
       33,  -2.6662    ,     5,     56,     61,  0.10000E-01,   711.6176    ,   708.9514    
       34,  -10.000    ,     5,     56,     61,  0.37877E-01,   708.9514    ,   698.9514    
       35,  -10.000    ,     5,     56,     61,  0.39356E-01,   698.9514    ,   688.9514    
       36,  -2.4482    ,     5,     56,     61,  0.10000E-01,   688.9514    ,   686.5032    
       37,  -2.4239    ,     5,     56,     61,  0.10000E-01,   686.5032    ,   684.0793    
       38,  -10.000    ,     5,     56,     61,  0.41670E-01,   684.0793    ,   674.0793    
       39,  -2.3054    ,     5,     56,     61,  0.10000E-01,   674.0793    ,   671.7739    
       40,  -2.2830    ,     5,     56,     61,  0.10000E-01,   671.7739    ,   669.4910    
       41,  -2.3231    ,     5,     56,     61,  0.10000E-01,   669.4910    ,   667.1678    
       42,  -2.2998    ,     5,     56,     61,  0.10000E-01,   667.1678    ,   664.8680    
       43, -0.22820E-01,     5,     56,     61,  0.10000E-03,   664.8680    ,   664.8452    
       44,  -10.000    ,     5,     56,     61,  0.43875E-01,   664.8452    ,   654.8452    
       45,  -10.000    ,     5,     56,     61,  0.45617E-01,   654.8452    ,   644.8452    
       46,  -2.0942    ,     5,     56,     61,  0.10000E-01,   644.8452    ,   642.7510    
       47,  -10.000    ,     5,     56,     61,  0.48157E-01,   642.7510    ,   632.7510    
       48,  -1.9943    ,     5,     56,     61,  0.10000E-01,   632.7510    ,   630.7567    
       49,  -10.000    ,     5,     56,     61,  0.50641E-01,   630.7567    ,   620.7567    
       50,  -10.000    ,     5,     56,     61,  0.52832E-01,   620.7567    ,   610.7567    
       51,  -1.8037    ,     5,     56,     61,  0.10000E-01,   610.7567    ,   608.9530    
       52,  -10.000    ,     5,     56,     61,  0.55991E-01,   608.9530    ,   598.9530    
       53,  -10.000    ,     5,     56,     61,  0.58203E-01,   598.9530    ,   588.9530    
       54,  -1.6191    ,     5,     56,     61,  0.10000E-01,   588.9530    ,   587.3339    
       55, -0.16041E-01,     5,     56,     61,  0.10000E-03,   587.3339    ,   587.3178    
       56,  -10.000    ,     5,     56,     61,  0.62342E-01,   587.3178    ,   577.3178    
       57,  -1.5152    ,     5,     56,     61,  0.10000E-01,   577.3178    ,   575.8026    
       58,  -10.000    ,     5,     56,     61,  0.66663E-01,   575.8026    ,   565.8026    
       59,  -10.000    ,     5,     56,     61,  0.70152E-01,   565.8026    ,   555.8026    
       60,  -10.000    ,     5,     56,     61,  0.74647E-01,   555.8026    ,   545.8026    
       61,  -10.000    ,     5,     56,     61,  0.80434E-01,   545.8026    ,   535.8026    
       62,  -10.000    ,     5,     56,     61,  0.87167E-01,   535.8026    ,   525.8026    
       63,  -1.0544    ,     5,     56,     61,  0.10000E-01,   525.8026    ,   524.7482    
       64,  -10.000    ,     5,     56,     61,  0.95794E-01,   524.7482    ,   514.7482    
       65,  -10.000    ,     5,     56,     61,  0.10443    ,   514.7482    ,   504.7482    
       66,  -10.000    ,     5,     56,     61,  0.11596    ,   504.7482    ,   494.7482    
       67, -0.77070E-02,     5,     56,     61,  0.10000E-03,   494.7482    ,   494.7405    
       68,  -10.000    ,     5,     56,     61,  0.12970    ,   494.7405    ,   484.7405    
       69,  -10.000    ,     5,     56,     61,  0.14642    ,   484.7405    ,   474.7405    
       70,  -10.000    ,     1,     29,    120,  0.14169    ,   285.8661    ,   275.8661    
       71,  -8.0742    ,     1,     38,    100,  0.13126    ,   277.9810    ,   269.9067    
       72, -0.66095    ,     1,     38,     98,  0.10000E-01,   284.4312    ,   283.7702    
       73,  -10.000    ,     1,     38,     98,  0.15279    ,   283.7702    ,   273.7702    
       74,  -10.000    ,     1,     38,     98,  0.17365    ,   273.7702    ,   263.7702    
       75,  -10.000    ,     1,     37,    113,  0.18470    ,   224.4784    ,   214.4784    
       76,  -10.000    ,     1,     37,    113,  0.22587    ,   214.4784    ,   204.4784    
       77,  -10.000    ,     1,     18,    104,  0.27723    ,   382.4283    ,   372.4283    
       78,  -10.000    ,     1,     18,    104,  0.34893    ,   372.4283    ,   362.4283    
       79, -0.37476E-02,     1,     30,    127,  0.10000E-03,   244.3336    ,   244.3299    
       80,  -10.000    ,     1,     30,    127,  0.25316    ,   244.3299    ,   234.3299    
       81,  -10.000    ,     1,     30,    127,  0.30965    ,   234.3299    ,   224.3299    
       82,  -10.000    ,     1,     30,    127,  0.44207    ,   224.3299    ,   214.3299    
       83,  -7.8793    ,     1,     27,    118,  0.58769    ,   236.1582    ,   228.2789    
       84, -0.63391E-01,     1,     30,    127,  0.10000E-01,   206.5144    ,   206.4510    
       85,  -3.9779    ,     1,     30,    127,  0.50000    ,   206.4510    ,   202.4731    
       86, -0.43821E-01,     1,     30,    127,  0.10000E-01,   202.4731    ,   202.4293    
       87,  -2.5102    ,     1,     30,    127,  0.50000    ,   202.4293    ,   199.9191    
       88, -0.26869E-01,     1,     30,    127,  0.10000E-01,   199.9191    ,   199.8922    
       89,  -1.5257    ,     1,     30,    127,  0.50000    ,   199.8922    ,   198.3665    
       90, -0.16536E-01,     1,     30,    127,  0.10000E-01,   198.3665    ,   198.3500    
       91, -0.18335E-03,     1,     30,    127,  0.10000E-03,   198.3500    ,   198.3498    
       92, -0.19964E-01,     1,     30,    127,  0.10000E-01,   198.3498    ,   198.3298    
       93, -0.98635    ,     1,     30,    127,  0.50000    ,   198.3298    ,   197.3435    
       94, -0.95612E-02,     1,     30,    127,  0.10000E-01,   197.3435    ,   197.3339    
       95, -0.55195    ,     1,     30,    127,  0.50000    ,   197.3339    ,   196.7820    
       96, -0.59540E-02,     1,     30,    127,  0.10000E-01,   196.7820    ,   196.7760    
       97, -0.33967    ,     1,     30,    127,  0.50000    ,   196.7760    ,   196.4364    
       98, -0.12164E-01,     1,     31,    131,  0.10000E-01,   198.1839    ,   198.1717    
       99, -0.65332    ,     1,     31,    131,  0.50000    ,   198.1717    ,   197.5184    
      100, -0.66554E-02,     1,     31,    131,  0.10000E-01,   197.5184    ,   197.5118    
      101, -0.35800    ,     1,     31,    131,  0.50000    ,   197.5118    ,   197.1538    
      102, -0.36848E-02,     1,     31,    131,  0.10000E-01,   197.1538    ,   197.1501    
      103, -0.47327E-04,     1,     31,    131,  0.10000E-03,   197.1501    ,   197.1500    
      104, -0.21169    ,     1,     31,    131,  0.50005    ,   197.1500    ,   196.9383    
      105, -0.19949E-02,     1,     31,    131,  0.10000E-01,   196.9383    ,   196.9363    
      106, -0.10551    ,     1,     31,    131,  0.50000    ,   196.9363    ,   196.8308    
      107, -0.11317E-02,     1,     31,    131,  0.10000E-01,   196.8308    ,   196.8297    
      108, -0.61295E-01,     1,     31,    131,  0.50000    ,   196.8297    ,   196.7684    
      109, -0.64395E-03,     1,     31,    131,  0.10000E-01,   196.7684    ,   196.7678    
      110, -0.35226E-01,     1,     31,    131,  0.50000    ,   196.7678    ,   196.7325    
      111, -0.36397E-03,     1,     31,    131,  0.10000E-01,   196.7325    ,   196.7322    
      112, -0.20281E-01,     1,     31,    131,  0.50000    ,   196.7322    ,   196.7119    
      113, -0.21602E-03,     1,     31,    131,  0.10000E-01,   196.7119    ,   196.7117    
      114, -0.11705E-01,     1,     31,    131,  0.50000    ,   196.7117    ,   196.7000    
      115, -0.30498E-04,     2,     63,     65,  0.10000E-03,   534.7350    ,   534.7350    
      116, -0.72884E-02,     1,     23,    314,  0.50000    ,   104.6975    ,   104.6903    
      117, -0.84026E-04,     1,     23,    314,  0.10000E-01,   104.6903    ,   104.6902    
      118, -0.93219E-02,     1,     23,    314,   1.0000    ,   104.6902    ,   104.6808    
"Maximum head changes for Stress Period     2, Time Step     1"
Iteration,Max_chg,Layer,Row,Column,Damp,Hprev,Hcurr
        1,   10.000    ,     1,     32,    226,  0.14430    ,   344.1032    ,   354.1032    
        2,   10.000    ,     1,     32,    226,  0.16872    ,   354.1032    ,   364.1032    
        3,   5.6880    ,     1,     32,    226,  0.11545    ,   364.1032    ,   369.7912    
        4,   10.000    ,     1,     32,    226,  0.22948    ,   369.7912    ,   379.7912    
        5,   10.000    ,     1,     32,    226,  0.29784    ,   379.7912    ,   389.7912    
        6,   9.9468    ,     1,     32,    226,  0.42196    ,   389.7912    ,   399.7380    
        7,   3.6865    ,     1,     32,    226,  0.27060    ,   399.7380    ,   403.4245    
        8,  0.99371E-01,     1,     32,    226,  0.10000E-01,   403.4245    ,   403.5239    
        9,  0.98371E-01,     1,     32,    226,  0.10000E-01,   403.5239    ,   403.6223    
       10,   4.8691    ,     1,     32,    226,  0.50000    ,   403.6223    ,   408.4913    
       11,  0.48960E-01,     1,     32,    226,  0.10000E-01,   408.4913    ,   408.5403    
       12,   2.4093    ,     1,     32,    226,  0.50000    ,   408.5403    ,   410.9496    
       13,  0.24181E-01,     1,     32,    226,  0.10000E-01,   410.9496    ,   410.9738    
       14,   1.1922    ,     1,     32,    226,  0.50000    ,   410.9738    ,   412.1660    
       15,  0.11957E-01,     1,     32,    226,  0.10000E-01,   412.1660    ,   412.1780    
       16,  0.58996    ,     1,     32,    226,  0.50000    ,   412.1780    ,   412.7680    
       17,  0.58999E-02,     1,     32,    226,  0.10000E-01,   412.7680    ,   412.7739    
       18,  0.29195    ,     1,     32,    226,  0.50000    ,   412.7739    ,   413.0658    
       19,  0.29136E-02,     1,     32,    226,  0.10000E-01,   413.0658    ,   413.0687    
       20,  0.14448    ,     1,     32,    226,  0.50000    ,   413.0687    ,   413.2132    
       21,  0.14589E-02,     1,     32,    226,  0.10000E-01,   413.2132    ,   413.2147    
       22,  0.71486E-01,     1,     32,    226,  0.50000    ,   413.2147    ,   413.2861    
       23,  0.85465E-04,     1,     32,    226,  0.10000E-02,   413.2861    ,   413.2862    
       24,  0.35694E-01,     1,     32,    226,  0.50000    ,   413.2862    ,   413.3219    
       25,  0.34567E-03,     1,     32,    226,  0.10000E-01,   413.3219    ,   413.3223    
       26,  0.17677E-01,     1,     32,    226,  0.50000    ,   413.3223    ,   413.3399    
       27,  0.18355E-03,     1,     32,    226,  0.10000E-01,   413.3399    ,   413.3401    
       28,  0.87429E-02,     1,     32,    226,  0.50000    ,   413.3401    ,   413.3488    
       29,  0.10227E-03,     1,     32,    226,  0.10000E-01,   413.3488    ,   413.3489    
       30,  0.86637E-02,     1,     32,    226,   1.0000    ,   413.3489    ,   413.3576    
"Maximum head changes for Stress Period     3, Time Step     1"
Iteration,Max_chg,Layer,Row,Column,Damp,Hprev,Hcurr
        1,   10.000    ,     1,     59,     78,  0.49062    ,   577.7115    ,   587.7115    
        2,   10.000    ,     1,     63,     58,  0.56888    ,   642.8170    ,   652.8170    
        3,  0.76031E-01,     1,     63,     58,  0.10000E-01,   652.8170    ,   652.8931    
        4,   3.7640    ,     1,     63,     58,  0.50000    ,   652.8931    ,   656.6571    
        5,  0.37594E-01,     1,     63,     58,  0.10000E-01,   656.6571    ,   656.6947    
        6,   1.8619    ,     1,     63,     58,  0.50000    ,   656.6947    ,   658.5566    
        7,  0.18635E-01,     1,     63,     58,  0.10000E-01,   658.5566    ,   658.5752    
        8,  0.92103    ,     1,     63,     58,  0.50000    ,   658.5752    ,   659.4962    
        9,  0.92099E-02,     1,     63,     58,  0.10000E-01,   659.4962    ,   659.5054    
       10,  0.45558    ,     1,     63,     58,  0.50000    ,   659.5054    ,   659.9610    
       11,  0.45634E-02,     1,     63,     58,  0.10000E-01,   659.9610    ,   659.9656    
       12,  0.22535    ,     1,     63,     58,  0.50000    ,   659.9656    ,   660.1909    
       13,  0.22550E-02,     1,     63,     58,  0.10000E-01,   660.1909    ,   660.1932    
       14,  0.11147    ,     1,     63,     58,  0.50000    ,   660.1932    ,   660.3046    
       15,  0.11365E-02,     1,     63,     58,  0.10000E-01,   660.3046    ,   660.3058    
       16,  0.55120E-01,     1,     63,     58,  0.50000    ,   660.3058    ,   660.3609    
       17,  0.55570E-03,     1,     63,     58,  0.10000E-01,   660.3609    ,   660.3615    
       18,  0.27283E-01,     1,     63,     58,  0.50000    ,   660.3615    ,   660.3887    
       19,  0.27295E-03,     1,     63,     58,  0.10000E-01,   660.3887    ,   660.3890    
       20,  0.13522E-01,     1,     63,     58,  0.50000    ,   660.3890    ,   660.4025    
       21,  0.15874E-03,     1,     23,    264,  0.10000E-01,   247.1168    ,   247.1170    
       22,  0.89190E-02,     1,     23,    264,  0.50000    ,   247.1170    ,   247.1259    
       23,  0.33830E-04,     1,     63,     79,  0.10000E-02,   569.3666    ,   569.3667    
       24,  0.62979E-02,     1,     23,    264,  0.50000    ,   247.1259    ,   247.1322    
       25,  0.77669E-04,     1,     23,    315,  0.10000E-01,   104.3493    ,   104.3494    
       26,  0.94221E-02,     1,     23,    314,   1.0000    ,   104.6598    ,   104.6692    
"Maximum head changes for Stress Period     4, Time Step     1"
Iteration,Max_chg,Layer,Row,Column,Damp,Hprev,Hcurr
        1,   8.8320    ,     1,     57,     73,  0.50000    ,   578.3348    ,   587.1668    
        2,   10.000    ,     1,     42,    101,  0.48200    ,   368.9037    ,   378.9037    
        3,   7.9865    ,     1,     42,    101,  0.74100    ,   378.9037    ,   386.8902    
        4,  0.27834E-01,     1,     42,    101,  0.10000E-01,   386.8902    ,   386.9181    
        5,   1.3799    ,     1,     42,    101,  0.50000    ,   386.9181    ,   388.2979    
        6,  0.13767E-01,     1,     42,    101,  0.10000E-01,   388.2979    ,   388.3117    
        7,  0.68272    ,     1,     42,    101,  0.50000    ,   388.3117    ,   388.9944    
        8,  0.68235E-02,     1,     42,    101,  0.10000E-01,   388.9944    ,   389.0013    
        9,  0.33777    ,     1,     42,    101,  0.50000    ,   389.0013    ,   389.3390    
       10,  0.33743E-02,     1,     42,    101,  0.10000E-01,   389.3390    ,   389.3424    
       11,  0.16711    ,     1,     42,    101,  0.50000    ,   389.3424    ,   389.5095    
       12,  0.18436E-02,     1,     23,    314,  0.10000E-01,   104.2448    ,   104.2467    
       13,  0.11570    ,     1,     23,    314,  0.50000    ,   104.2467    ,   104.3624    
       14,  0.14161E-02,     1,     23,    314,  0.10000E-01,   104.3624    ,   104.3638    
       15,  0.87999E-01,     1,     23,    314,  0.50000    ,   104.3638    ,   104.4518    
       16,  0.10670E-02,     1,     23,    314,  0.10000E-01,   104.4518    ,   104.4529    
       17,  0.65329E-01,     1,     23,    314,  0.50000    ,   104.4529    ,   104.5182    
       18,  0.78161E-03,     1,     23,    314,  0.10000E-01,   104.5182    ,   104.5190    
       19,  0.47519E-01,     1,     23,    314,  0.50000    ,   104.5190    ,   104.5665    
       20,  0.56697E-03,     1,     23,    314,  0.10000E-01,   104.5665    ,   104.5671    
       21,  0.33969E-01,     1,     23,    314,  0.50000    ,   104.5671    ,   104.6010    
       22,  0.40312E-03,     1,     23,    314,  0.10000E-01,   104.6010    ,   104.6014    
       23,  0.23911E-01,     1,     23,    314,  0.50000    ,   104.6014    ,   104.6253    
       24,  0.31038E-04,     1,     72,     51,  0.10000E-02,   623.2451    ,   623.2451    
       25,  0.16708E-01,     1,     23,    314,  0.50000    ,   104.6254    ,   104.6421    
       26,  0.19383E-03,     1,     23,    314,  0.10000E-01,   104.6421    ,   104.6423    
       27,  0.11459E-01,     1,     23,    314,  0.50000    ,   104.6423    ,   104.6537    
       28,  0.13226E-03,     1,     23,    314,  0.10000E-01,   104.6537    ,   104.6539    
       29,  0.77858E-02,     1,     23,    314,  0.50000    ,   104.6539    ,   104.6616    
       30,  0.85936E-04,     1,     24,    315,  0.10000E-01,   104.9485    ,   104.9485    
       31,  0.52427E-02,     1,     23,    314,  0.50000    ,   104.6617    ,   104.6670    
       32,  0.61267E-04,     1,     23,    314,  0.10000E-01,   104.6670    ,   104.6670    
       33,  0.69908E-02,     1,     23,    314,   1.0000    ,   104.6670    ,   104.6740    
"Maximum head changes for Stress Period     5, Time Step     1"
Iteration,Max_chg,Layer,Row,Column,Damp,Hprev,Hcurr
        1,   9.0707    ,     1,     42,    101,  0.50000    ,   389.6765    ,   398.7472    
        2,   6.1301    ,     1,     59,     68,  0.58414    ,   615.7185    ,   621.8486    
        3,   3.0997    ,     1,     32,    188,  0.22255    ,   358.1969    ,   361.2967    
        4,   6.6189    ,     1,     32,    188,  0.61127    ,   361.2967    ,   367.9156    
        5,  0.42021E-01,     1,     32,    188,  0.10000E-01,   367.9156    ,   367.9576    
        6,   2.0807    ,     1,     32,    188,  0.50000    ,   367.9576    ,   370.0383    
        7,  0.20777E-01,     1,     32,    188,  0.10000E-01,   370.0383    ,   370.0591    
        8,   1.0290    ,     1,     32,    188,  0.50000    ,   370.0591    ,   371.0881    
        9,  0.10290E-01,     1,     32,    188,  0.10000E-01,   371.0881    ,   371.0984    
       10,  0.50893    ,     1,     32,    188,  0.50000    ,   371.0984    ,   371.6073    
       11,  0.50750E-02,     1,     32,    188,  0.10000E-01,   371.6073    ,   371.6124    
       12,  0.25171    ,     1,     32,    188,  0.50000    ,   371.6124    ,   371.8641    
       13,  0.25122E-02,     1,     32,    188,  0.10000E-01,   371.8641    ,   371.8666    
       14,  0.12449    ,     1,     32,    188,  0.50000    ,   371.8666    ,   371.9911    
       15,  0.12527E-02,     1,     32,    188,  0.10000E-01,   371.9911    ,   371.9923    
       16,  0.61565E-01,     1,     32,    188,  0.50000    ,   371.9923    ,   372.0539    
       17,  0.62611E-03,     1,     32,    188,  0.10000E-01,   372.0539    ,   372.0545    
       18,  0.30432E-01,     1,     32,    188,  0.50000    ,   372.0545    ,   372.0849    
       19,  0.31037E-03,     1,     32,    188,  0.10000E-01,   372.0849    ,   372.0852    
       20,  0.15063E-01,     1,     32,    188,  0.50000    ,   372.0852    ,   372.1003    
       21,  0.13755E-03,     1,     32,    188,  0.10000E-01,   372.1003    ,   372.1005    
       22,  0.75909E-02,     1,     23,    264,  0.50000    ,   247.1217    ,   247.1293    
       23,  0.98100E-04,     1,     23,    264,  0.10000E-01,   247.1293    ,   247.1293    
       24,  0.59303E-02,     1,     23,    314,  0.50000    ,   104.6553    ,   104.6612    
       25,  0.30668E-04,     1,     53,     95,  0.10000E-02,   520.9028    ,   520.9028    
       26,  0.90897E-02,     1,     23,    314,   1.0000    ,   104.6612    ,   104.6703    
"Maximum head changes for Stress Period     6, Time Step     1"
Iteration,Max_chg,Layer,Row,Column,Damp,Hprev,Hcurr
        1,  -10.000    ,     5,     44,    416,  0.14067    ,   180.1694    ,   170.1694    
        2,  -10.000    ,     5,     44,    416,  0.15805    ,   170.1694    ,   160.1694    
        3, -0.53274    ,     5,     44,    416,  0.10000E-01,   160.1694    ,   159.6366    
        4,  -10.000    ,     5,     44,    416,  0.18961    ,   159.6366    ,   149.6366    
        5,  -10.000    ,     5,     44,    416,  0.23397    ,   149.6366    ,   139.6366    
        6,  -10.000    ,     5,     44,    416,  0.30543    ,   139.6366    ,   129.6366    
        7,  -6.3220    ,     5,     44,    416,  0.27801    ,   129.6366    ,   123.3146    
        8,  -4.4697    ,     5,     44,    416,  0.27223    ,   123.3146    ,   118.8449    
        9,  -3.4809    ,     5,     44,    416,  0.29132    ,   118.8449    ,   115.3640    
       10,  -3.3661    ,     5,     44,    416,  0.39751    ,   115.3640    ,   111.9978    
       11,  -2.4424    ,     5,     44,    416,  0.47872    ,   111.9978    ,   109.5555    
       12,  -1.5072    ,     5,     44,    416,  0.56670    ,   109.5555    ,   108.0483    
       13, -0.11168E-01,     5,     44,    416,  0.10000E-01,   108.0483    ,   108.0371    
       14, -0.57059    ,     5,     44,    416,  0.50000    ,   108.0371    ,   107.4665    
       15, -0.55250E-02,     5,     44,    416,  0.10000E-01,   107.4665    ,   107.4610    
       16, -0.28254    ,     5,     44,    416,  0.50000    ,   107.4610    ,   107.1785    
       17, -0.27050E-03,     5,     44,    416,  0.10000E-02,   107.1785    ,   107.1782    
       18, -0.14113    ,     5,     44,    416,  0.50000    ,   107.1782    ,   107.0371    
       19, -0.13623E-02,     5,     44,    416,  0.10000E-01,   107.0371    ,   107.0357    
       20, -0.69879E-01,     5,     44,    416,  0.50000    ,   107.0357    ,   106.9658    
       21, -0.67686E-03,     5,     44,    416,  0.10000E-01,   106.9658    ,   106.9651    
       22, -0.34600E-01,     5,     44,    416,  0.50000    ,   106.9651    ,   106.9305    
       23, -0.33552E-03,     5,     44,    416,  0.10000E-01,   106.9305    ,   106.9302    
       24, -0.17133E-01,     5,     44,    416,  0.50000    ,   106.9302    ,   106.9131    
       25, -0.16328E-03,     5,     44,    416,  0.10000E-01,   106.9131    ,   106.9129    
       26, -0.84865E-02,     5,     44,    416,  0.50000    ,   106.9129    ,   106.9044    
       27, -0.84658E-04,     5,     44,    416,  0.10000E-01,   106.9044    ,   106.9043    
       28, -0.84031E-02,     5,     44,    416,   1.0000    ,   106.9043    ,   106.8959    
"Maximum head changes for Stress Period     7, Time Step     1"
Iteration,Max_chg,Layer,Row,Column,Damp,Hprev,Hcurr
        1,  -10.000    ,     5,     44,    416,  0.14738    ,   106.8959    ,   96.89594    
        2,  -10.000    ,     5,     44,    416,  0.16551    ,   96.89594    ,   86.89594    
        3, -0.50421    ,     5,     44,    416,  0.10000E-01,   86.89594    ,   86.39173    
        4, -0.49916    ,     5,     44,    416,  0.10000E-01,   86.39173    ,   85.89256    
        5,  -10.000    ,     5,     44,    416,  0.20236    ,   85.89256    ,   75.89256    
        6,  -10.000    ,     5,     44,    416,  0.25370    ,   75.89256    ,   65.89257    
        7,  -10.000    ,     5,     44,    416,  0.33994    ,   65.89257    ,   55.89257    
        8,  -8.8798    ,     5,     44,    416,  0.45731    ,   55.89257    ,   47.01276    
        9,  -5.7137    ,     5,     44,    416,  0.54222    ,   47.01276    ,   41.29905    
       10, -0.46738E-01,     5,     44,    416,  0.10000E-01,   41.29905    ,   41.25232    
       11,  -2.3885    ,     5,     44,    416,  0.50000    ,   41.25232    ,   38.86379    
       12, -0.23054E-01,     5,     44,    416,  0.10000E-01,   38.86379    ,   38.84074    
       13,  -1.1827    ,     5,     44,    416,  0.50000    ,   38.84074    ,   37.65800    
       14, -0.11384E-01,     5,     44,    416,  0.10000E-01,   37.65800    ,   37.64662    
       15, -0.58567    ,     5,     44,    416,  0.50000    ,   37.64662    ,   37.06095    
       16, -0.56307E-02,     5,     44,    416,  0.10000E-01,   37.06095    ,   37.05532    
       17, -0.29002    ,     5,     44,    416,  0.50000    ,   37.05532    ,   36.76530    
       18, -0.27838E-02,     5,     44,    416,  0.10000E-01,   36.76530    ,   36.76251    
       19, -0.14361    ,     5,     44,    416,  0.50000    ,   36.76251    ,   36.61890    
       20, -0.13936E-03,     5,     44,    416,  0.10000E-02,   36.61890    ,   36.61876    
       21, -0.71735E-01,     5,     44,    416,  0.50000    ,   36.61876    ,   36.54702    
       22, -0.68846E-03,     5,     44,    416,  0.10000E-01,   36.54702    ,   36.54634    
       23, -0.35526E-01,     5,     44,    416,  0.50000    ,   36.54634    ,   36.51081    
       24, -0.34061E-03,     5,     44,    416,  0.10000E-01,   36.51081    ,   36.51047    
       25, -0.17593E-01,     5,     44,    416,  0.50000    ,   36.51047    ,   36.49288    
       26, -0.16807E-03,     5,     44,    416,  0.10000E-01,   36.49288    ,   36.49271    
       27, -0.87108E-02,     5,     44,    416,  0.50000    ,   36.49271    ,   36.48400    
       28, -0.85468E-04,     5,     44,    416,  0.10000E-01,   36.48400    ,   36.48392    
       29, -0.86286E-02,     5,     44,    416,   1.0000    ,   36.48392    ,   36.47529    
"Maximum head changes for Stress Period     8, Time Step     1"
Iteration,Max_chg,Layer,Row,Column,Damp,Hprev,Hcurr
        1,   10.000    ,     1,     47,    438,  0.13277    ,   67.29996    ,   77.29996    
        2,  -10.000    ,     5,     72,    455,  0.14034    ,   193.1351    ,   183.1351    
        3,  -10.000    ,     5,     72,    455,  0.16325    ,   183.1351    ,   173.1351    
        4,  -10.000    ,     5,     72,    455,  0.19509    ,   173.1351    ,   163.1351    
        5,  -10.000    ,     5,     72,    455,  0.24236    ,   163.1351    ,   153.1351    
        6,  -10.000    ,     5,     72,    455,  0.31989    ,   153.1351    ,   143.1351    
        7,  -8.8729    ,     5,     72,    455,  0.41733    ,   143.1351    ,   134.2622    
        8,   2.9868    ,     1,     47,    438,  0.23455    ,   133.8203    ,   136.8071    
        9,   1.6228    ,     1,     48,    438,  0.16914    ,   136.3643    ,   137.9871    
       10,   1.7961    ,     1,     48,    438,  0.22390    ,   137.9871    ,   139.7832    
       11,   1.4381    ,     1,     47,    438,  0.23116    ,   140.2252    ,   141.6633    
       12,   1.1284    ,     1,     47,    438,  0.23343    ,   141.6633    ,   142.7917    
       13,  0.65705    ,     1,     47,    438,  0.18100    ,   142.7917    ,   143.4488    
       14,  0.73502    ,     1,     47,    438,  0.24545    ,   143.4488    ,   144.1838    
       15,  0.67785    ,     1,     47,    438,  0.29687    ,   144.1838    ,   144.8617    
       16,  0.66476    ,     1,     47,    438,  0.40859    ,   144.8617    ,   145.5264    
       17,  0.98220E-02,     1,     47,    438,  0.10000E-01,   145.5264    ,   145.5363    
       18,  0.48669    ,     1,     47,    438,  0.50000    ,   145.5363    ,   146.0229    
       19,  0.50164E-02,     1,     47,    438,  0.10000E-01,   146.0229    ,   146.0280    
       20,  0.24829    ,     1,     47,    438,  0.50000    ,   146.0280    ,   146.2763    
       21,  0.25528E-02,     1,     47,    438,  0.10000E-01,   146.2763    ,   146.2788    
       22,  0.12655    ,     1,     47,    438,  0.50000    ,   146.2788    ,   146.4053    
       23,  0.13075E-02,     1,     47,    438,  0.10000E-01,   146.4053    ,   146.4067    
       24,  0.64430E-01,     1,     47,    438,  0.50000    ,   146.4067    ,   146.4711    
       25,  0.66908E-03,     1,     47,    438,  0.10000E-01,   146.4711    ,   146.4718    
       26,  0.32778E-01,     1,     47,    438,  0.50000    ,   146.4718    ,   146.5045    
       27,  0.33894E-03,     1,     47,    438,  0.10000E-01,   146.5045    ,   146.5049    
       28,  0.16666E-01,     1,     47,    438,  0.50000    ,   146.5049    ,   146.5215    
       29,  0.17468E-03,     1,     47,    438,  0.10000E-01,   146.5215    ,   146.5217    
       30,  0.84703E-02,     1,     47,    438,  0.50000    ,   146.5217    ,   146.5302    
       31,  0.30664E-04,     2,     69,     72,  0.10000E-02,   516.3296    ,   516.3297    
       32,  0.86622E-02,     1,     47,    438,   1.0000    ,   146.5302    ,   146.5388    
"Maximum head changes for Stress Period     9, Time Step     1"
Iteration,Max_chg,Layer,Row,Column,Damp,Hprev,Hcurr
        1,  -10.000    ,     2,     56,    405,  0.12010    ,   165.2306    ,   155.2306    
        2,  -10.000    ,     2,     56,    405,  0.13644    ,   155.2306    ,   145.2306    
        3, -0.63293    ,     2,     56,    405,  0.10000E-01,   145.2306    ,   144.5977    
        4,  -10.000    ,     2,     56,    405,  0.15959    ,   144.5977    ,   134.5977    
        5,  -10.000    ,     2,     56,    405,  0.18990    ,   134.5977    ,   124.5977    
        6,  -10.000    ,     2,     56,    405,  0.23441    ,   124.5977    ,   114.5977    
        7,  -8.2149    ,     2,     56,    405,  0.25153    ,   114.5977    ,   106.3828    
        8,  -5.8167    ,     2,     56,    405,  0.23795    ,   106.3828    ,   100.5661    
        9,  -4.3000    ,     2,     56,    405,  0.23083    ,   100.5661    ,   96.26617    
       10,  -3.3013    ,     2,     56,    405,  0.23041    ,   96.26617    ,   92.96487    
       11,  -2.5591    ,     2,     56,    405,  0.23209    ,   92.96487    ,   90.40573    
       12,  -3.3207    ,     2,     56,    405,  0.39217    ,   90.40573    ,   87.08501    
       13,  -1.3797    ,     2,     56,    405,  0.26807    ,   87.08501    ,   85.70530    
       14, -0.90297    ,     2,     56,    405,  0.23970    ,   85.70530    ,   84.80232    
       15, -0.28613E-02,     2,     56,    405,  0.10000E-02,   84.80232    ,   84.79946    
       16, -0.28612E-01,     2,     56,    405,  0.10000E-01,   84.79946    ,   84.77085    
       17,  -1.4163    ,     2,     56,    405,  0.50000    ,   84.77085    ,   83.35455    
       18, -0.14219E-01,     2,     56,    405,  0.10000E-01,   83.35455    ,   83.34032    
       19, -0.70104    ,     2,     56,    405,  0.50000    ,   83.34032    ,   82.63928    
       20, -0.70221E-02,     2,     56,    405,  0.10000E-01,   82.63928    ,   82.63226    
       21, -0.34701    ,     2,     56,    405,  0.50000    ,   82.63226    ,   82.28525    
       22, -0.34686E-02,     2,     56,    405,  0.10000E-01,   82.28525    ,   82.28178    
       23, -0.17177    ,     2,     56,    405,  0.50000    ,   82.28178    ,   82.11001    
       24, -0.17148E-02,     2,     56,    405,  0.10000E-01,   82.11001    ,   82.10829    
       25, -0.85024E-01,     2,     56,    405,  0.50000    ,   82.10829    ,   82.02327    
       26, -0.85172E-03,     2,     56,    405,  0.10000E-01,   82.02327    ,   82.02242    
       27, -0.42086E-01,     2,     56,    405,  0.50000    ,   82.02242    ,   81.98033    
       28, -0.42214E-03,     2,     56,    405,  0.10000E-01,   81.98033    ,   81.97991    
       29, -0.20837E-01,     2,     56,    405,  0.50000    ,   81.97991    ,   81.95908    
       30,  0.30547E-04,     1,     73,     57,  0.10000E-03,   617.7834    ,   617.7834    
       31, -0.38583E-03,     2,     56,    405,  0.18391E-01,   81.95908    ,   81.95869    
       32, -0.27184E-02,     2,     56,    405,  0.13310    ,   81.95869    ,   81.95597    
       33, -0.65493E-02,     2,     56,    405,  0.36932    ,   81.95597    ,   81.94942    
       34, -0.57149E-02,     2,     56,    405,  0.51088    ,   81.94942    ,   81.94371    
       35, -0.55111E-04,     2,     56,    405,  0.10000E-01,   81.94371    ,   81.94366    
       36, -0.54155E-02,     2,     56,    405,   1.0000    ,   81.94366    ,   81.93824    
"Maximum head changes for Stress Period    10, Time Step     1"
Iteration,Max_chg,Layer,Row,Column,Damp,Hprev,Hcurr
        1,  -10.000    ,     2,     56,    405,  0.16753    ,   81.93824    ,   71.93824    
        2,  -10.000    ,     2,     56,    405,  0.20125    ,   71.93824    ,   61.93824    
        3, -0.39689    ,     2,     56,    405,  0.10000E-01,   61.93824    ,   61.54136    
        4, -0.39292    ,     2,     56,    405,  0.10000E-01,   61.54136    ,   61.14843    
        5,  -4.4746    ,     2,     56,    405,  0.11503    ,   61.14843    ,   56.67385    
        6,  -10.000    ,     2,     56,    405,  0.29049    ,   56.67385    ,   46.67385    
        7,  -9.9274    ,     2,     56,    405,  0.40645    ,   46.67385    ,   36.74646    
        8, -0.14497    ,     2,     56,    405,  0.10000E-01,   36.74646    ,   36.60149    
        9,  -3.1665    ,     2,     56,    405,  0.22063    ,   36.60149    ,   33.43496    
       10,  -4.2395    ,     2,     56,    405,  0.37902    ,   33.43496    ,   29.19547    
       11,  -3.2874    ,     2,     56,    405,  0.47328    ,   29.19547    ,   25.90805    
       12,  -2.0505    ,     2,     56,    405,  0.56047    ,   25.90805    ,   23.85753    
       13, -0.16081E-01,     2,     56,    405,  0.10000E-01,   23.85753    ,   23.84145    
       14, -0.79599    ,     2,     56,    405,  0.50000    ,   23.84145    ,   23.04546    
       15, -0.79602E-02,     2,     56,    405,  0.10000E-01,   23.04546    ,   23.03750    
       16, -0.39401    ,     2,     56,    405,  0.50000    ,   23.03750    ,   22.64349    
       17, -0.39405E-02,     2,     56,    405,  0.10000E-01,   22.64349    ,   22.63955    
       18, -0.19504    ,     2,     56,    405,  0.50000    ,   22.63955    ,   22.44451    
       19, -0.19578E-03,     2,     56,    405,  0.10000E-02,   22.44451    ,   22.44431    
       20, -0.97420E-01,     2,     56,    405,  0.50000    ,   22.44431    ,   22.34690    
       21, -0.97468E-03,     2,     56,    405,  0.10000E-01,   22.34690    ,   22.34592    
       22, -0.48223E-01,     2,     56,    405,  0.50000    ,   22.34592    ,   22.29770    
       23, -0.48210E-03,     2,     56,    405,  0.10000E-01,   22.29770    ,   22.29721    
       24, -0.23870E-01,     2,     56,    405,  0.50000    ,   22.29721    ,   22.27334    
       25, -0.23833E-03,     2,     56,    405,  0.10000E-01,   22.27334    ,   22.27311    
       26, -0.11816E-01,     2,     56,    405,  0.50000    ,   22.27311    ,   22.26129    
       27, -0.11797E-03,     2,     56,    405,  0.10000E-01,   22.26129    ,   22.26117    
       28, -0.58486E-02,     2,     56,    405,  0.50000    ,   22.26117    ,   22.25532    
       29, -0.59604E-04,     1,     34,    243,  0.10000E-01,   266.0454    ,   266.0454    
       30, -0.57904E-02,     2,     56,    405,   1.0000    ,   22.25526    ,   22.24947    
"Maximum head changes for Stress Period    11, Time Step     1"
Iteration,Max_chg,Layer,Row,Column,Damp,Hprev,Hcurr
        1,  -10.000    ,     5,     44,    416,  0.48397    ,   67.03909    ,   57.03910    
        2,  -7.9090    ,     5,     44,    416,  0.74199    ,   57.03910    ,   49.13014    
        3, -0.27505E-01,     5,     44,    416,  0.10000E-01,   49.13014    ,   49.10263    
        4,  -1.3614    ,     5,     44,    416,  0.50000    ,   49.10263    ,   47.74126    
        5, -0.13614E-01,     5,     44,    416,  0.10000E-01,   47.74126    ,   47.72765    
        6, -0.67388    ,     5,     44,    416,  0.50000    ,   47.72765    ,   47.05378    
        7, -0.67412E-02,     5,     44,    416,  0.10000E-01,   47.05378    ,   47.04704    
        8, -0.33357    ,     5,     44,    416,  0.50000    ,   47.04704    ,   46.71347    
        9, -0.33363E-02,     5,     44,    416,  0.10000E-01,   46.71347    ,   46.71013    
       10, -0.16511    ,     5,     44,    416,  0.50000    ,   46.71013    ,   46.54501    
       11, -0.16505E-02,     5,     44,    416,  0.10000E-01,   46.54501    ,   46.54336    
       12, -0.81731E-01,     5,     44,    416,  0.50000    ,   46.54336    ,   46.46163    
       13, -0.81864E-03,     5,     44,    416,  0.10000E-01,   46.46163    ,   46.46081    
       14, -0.40456E-01,     5,     44,    416,  0.50000    ,   46.46081    ,   46.42036    
       15, -0.40576E-03,     5,     44,    416,  0.10000E-01,   46.42036    ,   46.41995    
       16, -0.21180E-01,     1,     23,    314,  0.50000    ,   104.7267    ,   104.7055    
       17, -0.23199E-03,     1,     23,    314,  0.10000E-01,   104.7055    ,   104.7053    
       18, -0.12791E-01,     1,     23,    314,  0.50000    ,   104.7053    ,   104.6925    
       19, -0.13472E-03,     1,     23,    314,  0.10000E-01,   104.6925    ,   104.6924    
       20, -0.74739E-02,     1,     23,    314,  0.50000    ,   104.6924    ,   104.6849    
       21, -0.76080E-04,     1,     23,    314,  0.10000E-01,   104.6849    ,   104.6848    
       22, -0.84085E-02,     1,     23,    314,   1.0000    ,   104.6848    ,   104.6764    
"Maximum head changes for Stress Period    12, Time Step     1"
Iteration,Max_chg,Layer,Row,Column,Damp,Hprev,Hcurr
        1,  -10.000    ,     2,     51,    407,  0.37513    ,   135.7425    ,   125.7425    
        2,  -10.000    ,     2,     51,    407,  0.60038    ,   125.7425    ,   115.7425    
        3, -0.66559E-01,     2,     51,    407,  0.10000E-01,   115.7425    ,   115.6759    
        4,  -3.2948    ,     2,     51,    407,  0.50000    ,   115.6759    ,   112.3811    
        5, -0.32950E-01,     2,     51,    407,  0.10000E-01,   112.3811    ,   112.3482    
        6,  -1.6309    ,     2,     51,    407,  0.50000    ,   112.3482    ,   110.7172    
        7, -0.16308E-01,     2,     51,    407,  0.10000E-01,   110.7172    ,   110.7009    
        8, -0.80731    ,     2,     51,    407,  0.50000    ,   110.7009    ,   109.8936    
        9, -0.80744E-02,     2,     51,    407,  0.10000E-01,   109.8936    ,   109.8856    
       10, -0.39962    ,     2,     51,    407,  0.50000    ,   109.8856    ,   109.4859    
       11, -0.39962E-02,     2,     51,    407,  0.10000E-01,   109.4859    ,   109.4819    
       12, -0.19781    ,     2,     51,    407,  0.50000    ,   109.4819    ,   109.2841    
       13, -0.19796E-02,     2,     51,    407,  0.10000E-01,   109.2841    ,   109.2822    
       14, -0.97920E-01,     2,     51,    407,  0.50000    ,   109.2822    ,   109.1842    
       15, -0.97559E-03,     2,     51,    407,  0.10000E-01,   109.1842    ,   109.1833    
       16, -0.48467E-01,     2,     51,    407,  0.50000    ,   109.1833    ,   109.1348    
       17, -0.48259E-03,     2,     51,    407,  0.10000E-01,   109.1348    ,   109.1343    
       18, -0.23994E-01,     2,     51,    407,  0.50000    ,   109.1343    ,   109.1103    
       19, -0.23926E-03,     2,     51,    407,  0.10000E-01,   109.1103    ,   109.1101    
       20, -0.11879E-01,     2,     51,    407,  0.50000    ,   109.1101    ,   109.0982    
       21, -0.11849E-03,     2,     51,    407,  0.10000E-01,   109.0982    ,   109.0981    
       22, -0.58750E-02,     2,     51,    407,  0.50000    ,   109.0981    ,   109.0922    
       23, -0.59165E-04,     2,     51,    407,  0.10000E-01,   109.0922    ,   109.0921    
       24,  0.60743E-02,     1,     23,    264,   1.0000    ,   247.1348    ,   247.1409    
"Maximum head changes for Stress Period    13, Time Step     1"
Iteration,Max_chg,Layer,Row,Column,Damp,Hprev,Hcurr
        1,   10.000    ,     2,     34,    376,  0.24801    ,   78.85196    ,   88.85196    
        2,   10.000    ,     2,     34,    376,  0.32980    ,   88.85196    ,   98.85196    
        3,   3.9866    ,     2,     34,    376,  0.19618    ,   98.85196    ,   102.8385    
        4,   2.6311    ,     2,     34,    376,  0.16108    ,   102.8385    ,   105.4697    
        5,   4.5893    ,     2,     34,    376,  0.33491    ,   105.4697    ,   110.0590    
        6,   4.0821    ,     2,     34,    376,  0.44789    ,   110.0590    ,   114.1411    
        7,  0.50319E-01,     2,     34,    376,  0.10000E-01,   114.1411    ,   114.1914    
        8,   2.4908    ,     2,     34,    376,  0.50000    ,   114.1914    ,   116.6822    
        9,  0.24909E-01,     2,     34,    376,  0.10000E-01,   116.6822    ,   116.7071    
       10,   1.2329    ,     2,     34,    376,  0.50000    ,   116.7071    ,   117.9400    
       11,  0.12332E-01,     2,     34,    376,  0.10000E-01,   117.9400    ,   117.9523    
       12,  0.61030    ,     2,     34,    376,  0.50000    ,   117.9523    ,   118.5626    
       13,  0.60997E-02,     2,     34,    376,  0.10000E-01,   118.5626    ,   118.5687    
       14,  0.30210    ,     2,     34,    376,  0.50000    ,   118.5687    ,   118.8708    
       15,  0.30221E-02,     2,     34,    376,  0.10000E-01,   118.8708    ,   118.8739    
       16,  0.14954    ,     2,     34,    376,  0.50000    ,   118.8739    ,   119.0234    
       17,  0.14989E-02,     2,     34,    376,  0.10000E-01,   119.0234    ,   119.0249    
       18,  0.74025E-01,     2,     34,    376,  0.50000    ,   119.0249    ,   119.0989    
       19,  0.73742E-03,     2,     34,    376,  0.10000E-01,   119.0989    ,   119.0997    
       20,  0.36638E-01,     2,     34,    376,  0.50000    ,   119.0997    ,   119.1363    
       21,  0.36816E-03,     2,     34,    376,  0.10000E-01,   119.1363    ,   119.1367    
       22,  0.18139E-01,     2,     34,    376,  0.50000    ,   119.1367    ,   119.1548    
       23,  0.17779E-03,     2,     34,    376,  0.10000E-01,   119.1548    ,   119.1550    
       24,  0.89802E-02,     2,     34,    376,  0.50000    ,   119.1550    ,   119.1640    
       25,  0.30498E-04,     1,     70,     64,  0.10000E-02,   607.4563    ,   607.4563    
       26,  0.56028E-02,     1,     23,    314,  0.50000    ,   104.6577    ,   104.6633    
       27,  0.69733E-04,     1,     23,    314,  0.10000E-01,   104.6633    ,   104.6634    
       28,  0.81070E-02,     1,     23,    314,   1.0000    ,   104.6634    ,   104.6715    
"Maximum head changes for Stress Period    14, Time Step     1"
Iteration,Max_chg,Layer,Row,Column,Damp,Hprev,Hcurr
        1,   7.0315    ,     2,     34,    376,  0.50000    ,   119.1729    ,   126.2044    
        2,   3.9830    ,     2,     34,    376,  0.56645    ,   126.2044    ,   130.1874    
        3,   1.6257    ,     2,     34,    376,  0.53327    ,   130.1874    ,   131.8131    
        4,  0.80725    ,     2,     34,    376,  0.56736    ,   131.8131    ,   132.6203    
        5,  0.17536    ,     2,     34,    376,  0.28486    ,   132.6203    ,   132.7957    
        6,  0.28281    ,     2,     34,    376,  0.64243    ,   132.7957    ,   133.0785    
        7,  0.15794E-02,     2,     34,    376,  0.10000E-01,   133.0785    ,   133.0801    
        8,  0.77910E-01,     2,     34,    376,  0.50000    ,   133.0801    ,   133.1580    
        9,  0.78402E-03,     1,     15,    316,  0.10000E-01,   120.2332    ,   120.2340    
       10,  0.48641E-01,     1,     17,    316,  0.50000    ,   111.5403    ,   111.5889    
       11,  0.59818E-03,     1,     19,    316,  0.10000E-01,   133.5101    ,   133.5107    
       12,  0.37374E-01,     1,     19,    315,  0.50000    ,   118.1293    ,   118.1667    
       13,  0.46654E-03,     1,     21,    316,  0.10000E-01,   109.3667    ,   109.3671    
       14,  0.29550E-01,     1,     22,    315,  0.50000    ,   118.4353    ,   118.4648    
       15,  0.37442E-03,     1,     23,    314,  0.10000E-01,   104.5856    ,   104.5859    
       16,  0.23687E-01,     1,     23,    314,  0.50000    ,   104.5859    ,   104.6096    
       17,  0.29297E-03,     1,     24,    315,  0.10000E-01,   104.8975    ,   104.8978    
       18,  0.18408E-01,     1,     23,    314,  0.50000    ,   104.6099    ,   104.6283    
       19,  0.22254E-03,     1,     23,    314,  0.10000E-01,   104.6283    ,   104.6285    
       20,  0.13860E-01,     1,     23,    314,  0.50000    ,   104.6285    ,   104.6424    
       21,  0.16413E-03,     1,     23,    314,  0.10000E-01,   104.6424    ,   104.6426    
       22,  0.10179E-01,     1,     23,    314,  0.50000    ,   104.6426    ,   104.6527    
       23,  0.12257E-03,     1,     23,    314,  0.10000E-01,   104.6527    ,   104.6529    
       24,  0.73266E-02,     1,     23,    314,  0.50000    ,   104.6529    ,   104.6602    
       25,  0.88952E-04,     1,     23,    314,  0.10000E-01,   104.6602    ,   104.6603    
       26,  0.51821E-02,     1,     23,    314,  0.50000    ,   104.6603    ,   104.6655    
       27, -0.30502E-04,     1,     71,     73,  0.10000E-02,   545.4463    ,   545.4463    
       28,  0.72614E-02,     1,     23,    314,   1.0000    ,   104.6655    ,   104.6727    
"Maximum head changes for Stress Period    15, Time Step     1"
Iteration,Max_chg,Layer,Row,Column,Damp,Hprev,Hcurr
        1,  -5.3740    ,     2,     56,    405,  0.50000    ,  -1.851111    ,  -7.225095    
        2,  -3.0459    ,     2,     56,    405,  0.56679    ,  -7.225095    ,  -10.27102    
        3,  -1.2470    ,     2,     56,    405,  0.53565    ,  -10.27102    ,  -11.51803    
        4, -0.61463    ,     2,     56,    405,  0.56857    ,  -11.51803    ,  -12.13266    
        5, -0.13589    ,     2,     56,    405,  0.29137    ,  -12.13266    ,  -12.26855    
        6, -0.21340    ,     2,     56,    405,  0.64568    ,  -12.26855    ,  -12.48195    
        7, -0.11710E-02,     2,     56,    405,  0.10000E-01,  -12.48195    ,  -12.48312    
        8,  0.66181E-01,     1,     15,    317,  0.50000    ,   131.7509    ,   131.8171    
        9,  0.77647E-03,     1,     15,    317,  0.10000E-01,   131.8171    ,   131.8178    
       10,  0.48459E-01,     1,     17,    316,  0.50000    ,   111.5413    ,   111.5897    
       11,  0.59220E-03,     1,     18,    316,  0.10000E-01,   119.1407    ,   119.1413    
       12,  0.37259E-01,     1,     20,    315,  0.50000    ,   110.4337    ,   110.4710    
       13,  0.46599E-03,     1,     21,    315,  0.10000E-01,   115.5510    ,   115.5515    
       14,  0.29464E-01,     1,     23,    315,  0.50000    ,   104.2502    ,   104.2797    
       15,  0.37326E-03,     1,     23,    314,  0.10000E-01,   104.5860    ,   104.5864    
       16,  0.23609E-01,     1,     23,    314,  0.50000    ,   104.5864    ,   104.6100    
       17,  0.28915E-03,     1,     23,    314,  0.10000E-01,   104.6100    ,   104.6103    
       18,  0.18325E-01,     1,     23,    314,  0.50000    ,   104.6103    ,   104.6286    
       19,  0.22302E-03,     1,     23,    314,  0.10000E-01,   104.6286    ,   104.6288    
       20,  0.13790E-01,     1,     23,    314,  0.50000    ,   104.6288    ,   104.6426    
       21,  0.16995E-03,     1,     23,    314,  0.10000E-01,   104.6426    ,   104.6428    
       22,  0.10126E-01,     1,     23,    314,  0.50000    ,   104.6428    ,   104.6529    
       23,  0.12208E-03,     1,     23,    314,  0.10000E-01,   104.6529    ,   104.6530    
       24,  0.72788E-02,     1,     23,    314,  0.50000    ,   104.6530    ,   104.6603    
       25,  0.86346E-04,     1,     23,    314,  0.10000E-01,   104.6603    ,   104.6604    
       26,  0.51455E-02,     1,     23,    314,  0.50000    ,   104.6604    ,   104.6655    
       27,  0.63648E-04,     1,     23,    314,  0.10000E-01,   104.6655    ,   104.6656    
       28,  0.71679E-02,     1,     23,    314,   1.0000    ,   104.6656    ,   104.6728    
"Maximum head changes for Stress Period    16, Time Step     1"
Iteration,Max_chg,Layer,Row,Column,Damp,Hprev,Hcurr
        1,  -3.0541    ,     2,     34,    321,  0.50000    ,   186.0828    ,   183.0287    
        2,  -1.7228    ,     2,     34,    321,  0.56410    ,   183.0287    ,   181.3059    
        3, -0.72684    ,     1,     23,    314,  0.53708    ,   104.7353    ,   104.0085    
        4,  0.41503    ,     1,     23,    314,  0.56405    ,   104.0085    ,   104.4235    
        5, -0.80467E-01,     2,     34,    321,  0.29948    ,   180.2432    ,   180.1628    
        6,  0.12739    ,     1,     10,    315,  0.64974    ,   136.4786    ,   136.6060    
        7,  0.10420E-02,     1,     13,    316,  0.10000E-01,   128.7503    ,   128.7513    
        8,  0.66920E-01,     1,     15,    317,  0.50000    ,   131.7490    ,   131.8159    
        9,  0.78717E-03,     1,     15,    315,  0.10000E-01,   127.0209    ,   127.0217    
       10,  0.49093E-01,     1,     17,    316,  0.50000    ,   111.5396    ,   111.5887    
       11,  0.60422E-03,     1,     18,    315,  0.10000E-01,   118.6464    ,   118.6470    
       12,  0.37851E-01,     1,     20,    315,  0.50000    ,   110.4320    ,   110.4699    
       13,  0.47357E-03,     1,     22,    316,  0.10000E-01,   112.7636    ,   112.7641    
       14,  0.30009E-01,     1,     23,    315,  0.50000    ,   104.2486    ,   104.2786    
       15,  0.37695E-03,     1,     23,    315,  0.10000E-01,   104.2786    ,   104.2790    
       16,  0.24021E-01,     1,     23,    314,  0.50000    ,   104.5852    ,   104.6092    
       17,  0.30116E-03,     1,     23,    314,  0.10000E-01,   104.6092    ,   104.6095    
       18,  0.18605E-01,     1,     23,    314,  0.50000    ,   104.6095    ,   104.6281    
       19,  0.22390E-03,     1,     23,    314,  0.10000E-01,   104.6281    ,   104.6283    
       20,  0.13976E-01,     1,     23,    314,  0.50000    ,   104.6283    ,   104.6423    
       21,  0.16707E-03,     1,     23,    314,  0.10000E-01,   104.6423    ,   104.6424    
       22,  0.10239E-01,     1,     23,    314,  0.50000    ,   104.6424    ,   104.6527    
       23,  0.12191E-03,     1,     23,    314,  0.10000E-01,   104.6527    ,   104.6528    
       24,  0.73542E-02,     1,     23,    314,  0.50000    ,   104.6528    ,   104.6602    
       25,  0.86321E-04,     1,     23,    314,  0.10000E-01,   104.6602    ,   104.6602    
       26,  0.51950E-02,     1,     23,    314,  0.50000    ,   104.6602    ,   104.6654    
       27,  0.60236E-04,     1,     23,    314,  0.10000E-01,   104.6654    ,   104.6655    
       28,  0.72257E-02,     1,     23,    314,   1.0000    ,   104.6655    ,   104.6727    
"Maximum head changes for Stress Period    17, Time Step     1"
Iteration,Max_chg,Layer,Row,Column,Damp,Hprev,Hcurr
        1,  -10.000    ,     2,     34,    321,  0.27985    ,   179.9746    ,   169.9746    
        2,  -10.000    ,     2,     34,    321,  0.38860    ,   169.9746    ,   159.9746    
        3,  -4.5933    ,     2,     34,    321,  0.29195    ,   159.9746    ,   155.3813    
        4,  -2.8091    ,     2,     34,    321,  0.25216    ,   155.3813    ,   152.5722    
        5,  -2.5304    ,     2,     34,    321,  0.30374    ,   152.5722    ,   150.0418    
        6,  -2.4977    ,     2,     34,    321,  0.43061    ,   150.0418    ,   147.5441    
        7, -0.33024E-01,     2,     34,    321,  0.10000E-01,   147.5441    ,   147.5111    
        8,  -1.6349    ,     2,     34,    321,  0.50000    ,   147.5111    ,   145.8762    
        9, -0.16347E-01,     2,     34,    321,  0.10000E-01,   145.8762    ,   145.8599    
       10, -0.80926    ,     2,     34,    321,  0.50000    ,   145.8599    ,   145.0506    
       11, -0.80991E-02,     2,     34,    321,  0.10000E-01,   145.0506    ,   145.0425    
       12, -0.40058    ,     2,     34,    321,  0.50000    ,   145.0425    ,   144.6419    
       13, -0.40083E-02,     2,     34,    321,  0.10000E-01,   144.6419    ,   144.6379    
       14, -0.19828    ,     2,     34,    321,  0.50000    ,   144.6379    ,   144.4396    
       15, -0.19770E-02,     2,     34,    321,  0.10000E-01,   144.4396    ,   144.4377    
       16, -0.98145E-01,     2,     34,    321,  0.50000    ,   144.4377    ,   144.3395    
       17, -0.98229E-03,     2,     34,    321,  0.10000E-01,   144.3395    ,   144.3385    
       18, -0.48591E-01,     2,     34,    321,  0.50000    ,   144.3385    ,   144.2899    
       19, -0.49283E-03,     2,     34,    321,  0.10000E-01,   144.2899    ,   144.2895    
       20, -0.24054E-01,     2,     34,    321,  0.50000    ,   144.2895    ,   144.2654    
       21, -0.24689E-03,     2,     34,    321,  0.10000E-01,   144.2654    ,   144.2652    
       22, -0.11907E-01,     2,     34,    321,  0.50000    ,   144.2652    ,   144.2533    
       23, -0.12453E-03,     2,     34,    321,  0.10000E-01,   144.2533    ,   144.2531    
       24,  0.74657E-02,     1,     23,    314,  0.50000    ,   104.6507    ,   104.6582    
       25,  0.89019E-04,     1,     24,    315,  0.10000E-01,   104.9446    ,   104.9447    
       26,  0.54743E-02,     1,     23,    314,  0.50000    ,   104.6583    ,   104.6637    
       27,  0.66087E-04,     1,     24,    315,  0.10000E-01,   104.9500    ,   104.9501    
       28,  0.78795E-02,     1,     23,    314,   1.0000    ,   104.6638    ,   104.6717    
"Maximum head changes for Stress Period    18, Time Step     1"
Iteration,Max_chg,Layer,Row,Column,Damp,Hprev,Hcurr
        1,  -8.5376    ,     1,     34,    243,  0.50000    ,   298.0665    ,   289.5289    
        2,  -4.8133    ,     1,     34,    243,  0.56378    ,   289.5289    ,   284.7156    
        3,  -2.0033    ,     1,     34,    243,  0.53790    ,   284.7156    ,   282.7123    
        4, -0.96236    ,     1,     34,    243,  0.55919    ,   282.7123    ,   281.7500    
        5, -0.22988    ,     1,     34,    243,  0.30304    ,   281.7500    ,   281.5201    
        6, -0.34448    ,     1,     34,    243,  0.65152    ,   281.5201    ,   281.1756    
        7, -0.18369E-02,     1,     34,    243,  0.10000E-01,   281.1756    ,   281.1738    
        8, -0.91212E-01,     1,     34,    243,  0.50000    ,   281.1738    ,   281.0826    
        9, -0.90720E-03,     1,     34,    243,  0.10000E-01,   281.0826    ,   281.0816    
       10,  0.49462E-01,     1,     17,    316,  0.50000    ,   111.5385    ,   111.5880    
       11,  0.60713E-03,     1,     18,    315,  0.10000E-01,   118.6455    ,   118.6462    
       12,  0.38197E-01,     1,     20,    315,  0.50000    ,   110.4310    ,   110.4692    
       13,  0.47849E-03,     1,     21,    316,  0.10000E-01,   109.3651    ,   109.3656    
       14,  0.30322E-01,     1,     23,    315,  0.50000    ,   104.2476    ,   104.2779    
       15,  0.38153E-03,     1,     23,    315,  0.10000E-01,   104.2779    ,   104.2783    
       16,  0.24260E-01,     1,     23,    314,  0.50000    ,   104.5844    ,   104.6086    
       17,  0.29930E-03,     1,     23,    314,  0.10000E-01,   104.6086    ,   104.6089    
       18,  0.18765E-01,     1,     23,    314,  0.50000    ,   104.6089    ,   104.6277    
       19,  0.22553E-03,     1,     23,    314,  0.10000E-01,   104.6277    ,   104.6279    
       20,  0.14080E-01,     1,     23,    314,  0.50000    ,   104.6279    ,   104.6420    
       21,  0.16698E-03,     1,     24,    315,  0.10000E-01,   104.9292    ,   104.9294    
       22,  0.10310E-01,     1,     23,    314,  0.50000    ,   104.6422    ,   104.6525    
       23,  0.12580E-03,     1,     23,    314,  0.10000E-01,   104.6525    ,   104.6526    
       24,  0.74063E-02,     1,     23,    314,  0.50000    ,   104.6526    ,   104.6600    
       25,  0.85485E-04,     1,     23,    314,  0.10000E-01,   104.6600    ,   104.6601    
       26,  0.52241E-02,     1,     23,    314,  0.50000    ,   104.6601    ,   104.6653    
       27,  0.59125E-04,     1,     23,    314,  0.10000E-01,   104.6653    ,   104.6654    
       28,  0.72664E-02,     1,     23,    314,   1.0000    ,   104.6654    ,   104.6726    
"Maximum head changes for Stress Period    19, Time Step     1"
Iteration,Max_chg,Layer,Row,Column,Damp,Hprev,Hcurr
        1,   6.2811    ,     1,     34,    243,  0.50000    ,   280.9914    ,   287.2725    
        2,   4.9086    ,     1,    100,     22,  0.56424    ,   336.0479    ,   340.9565    
        3,   2.0379    ,     1,    100,     22,  0.53778    ,   340.9565    ,   342.9944    
        4,  0.99106    ,     1,    100,     22,  0.56603    ,   342.9944    ,   343.9855    
        5,  0.23050    ,     1,    100,     22,  0.30347    ,   343.9855    ,   344.2160    
        6,  0.34474    ,     1,    100,     22,  0.65174    ,   344.2160    ,   344.5607    
        7,  0.18289E-02,     1,    100,     22,  0.10000E-01,   344.5607    ,   344.5626    
        8,  0.91132E-01,     1,    100,     22,  0.50000    ,   344.5626    ,   344.6537    
        9,  0.91713E-03,     1,    100,     22,  0.10000E-01,   344.6537    ,   344.6546    
       10,  0.48869E-01,     1,     17,    316,  0.50000    ,   111.5404    ,   111.5893    
       11,  0.60113E-03,     1,     18,    315,  0.10000E-01,   118.6471    ,   118.6477    
       12,  0.37687E-01,     1,     20,    315,  0.50000    ,   110.4327    ,   110.4704    
       13,  0.47138E-03,     1,     22,    316,  0.10000E-01,   112.7642    ,   112.7646    
       14,  0.29872E-01,     1,     23,    315,  0.50000    ,   104.2492    ,   104.2790    
       15,  0.37896E-03,     1,     23,    314,  0.10000E-01,   104.5852    ,   104.5856    
       16,  0.23907E-01,     1,     23,    314,  0.50000    ,   104.5856    ,   104.6095    
       17,  0.29253E-03,     1,     23,    314,  0.10000E-01,   104.6095    ,   104.6098    
       18,  0.18507E-01,     1,     23,    314,  0.50000    ,   104.6098    ,   104.6283    
       19,  0.22371E-03,     1,     23,    314,  0.10000E-01,   104.6283    ,   104.6285    
       20,  0.13891E-01,     1,     23,    314,  0.50000    ,   104.6285    ,   104.6424    
       21,  0.16545E-03,     1,     23,    314,  0.10000E-01,   104.6424    ,   104.6426    
       22,  0.10177E-01,     1,     23,    314,  0.50000    ,   104.6426    ,   104.6528    
       23,  0.12062E-03,     1,     23,    314,  0.10000E-01,   104.6528    ,   104.6529    
       24,  0.73051E-02,     1,     23,    314,  0.50000    ,   104.6529    ,   104.6602    
       25,  0.90072E-04,     1,     23,    314,  0.10000E-01,   104.6602    ,   104.6603    
       26,  0.51614E-02,     1,     23,    314,  0.50000    ,   104.6603    ,   104.6654    
       27, -0.30522E-04,     1,     56,     77,  0.10000E-02,   611.0183    ,   611.0182    
       28,  0.72173E-02,     1,     23,    314,   1.0000    ,   104.6654    ,   104.6727    
"Maximum head changes for Stress Period    20, Time Step     1"
Iteration,Max_chg,Layer,Row,Column,Damp,Hprev,Hcurr
        1,   4.3909    ,     1,    100,     22,  0.50000    ,   344.7448    ,   349.1357    
        2,   2.4601    ,     1,    100,     22,  0.56067    ,   349.1357    ,   351.5958    
        3,   1.0386    ,     1,    100,     22,  0.53925    ,   351.5958    ,   352.6343    
        4,  0.49350    ,     1,    100,     22,  0.55658    ,   352.6343    ,   353.1278    
        5,  0.20758    ,     1,    100,     22,  0.52842    ,   353.1278    ,   353.3354    
        6,  0.11567    ,     1,     23,    314,  0.56779    ,   104.2846    ,   104.4003    
        7,  0.64157E-01,     1,     15,    317,  0.56027    ,   131.7475    ,   131.8117    
        8,  0.56549E-01,     1,     23,    314,  0.55617    ,   104.4323    ,   104.4889    
        9,  0.41874E-01,     1,     22,    315,  0.54538    ,   118.3733    ,   118.4152    
       10,  0.35762E-01,     1,     23,    314,  0.53515    ,   104.5302    ,   104.5660    
       11,  0.27813E-01,     1,     23,    314,  0.52523    ,   104.5660    ,   104.5938    
       12,  0.21526E-01,     1,     23,    314,  0.51478    ,   104.5938    ,   104.6153    
       13,  0.97294E-02,     1,     23,    314,  0.30230    ,   104.6153    ,   104.6250    
       14,  0.18974E-01,     1,     23,    314,  0.65115    ,   104.6250    ,   104.6440    
       15,  0.16681E-03,     1,     23,    314,  0.10000E-01,   104.6440    ,   104.6442    
       16,  0.10307E-01,     1,     23,    314,  0.50000    ,   104.6442    ,   104.6545    
       17,  0.11878E-03,     1,     23,    314,  0.10000E-01,   104.6545    ,   104.6546    
       18,  0.71010E-02,     1,     23,    314,  0.50000    ,   104.6546    ,   104.6617    
       19,  0.80492E-04,     1,     23,    314,  0.10000E-01,   104.6617    ,   104.6618    
       20,  0.97464E-02,     1,     23,    314,   1.0000    ,   104.6618    ,   104.6715    
"Maximum head changes for Stress Period    21, Time Step     1"
Iteration,Max_chg,Layer,Row,Column,Damp,Hprev,Hcurr
        1,   10.000    ,     2,     34,    253,  0.34024    ,   124.6312    ,   134.6312    
        2,   10.000    ,     2,     34,    253,  0.51570    ,   134.6312    ,   144.6312    
        3,  0.93906E-01,     2,     34,    253,  0.10000E-01,   144.6312    ,   144.7251    
        4,   4.6485    ,     2,     34,    253,  0.50000    ,   144.7251    ,   149.3737    
        5,  0.46485E-01,     2,     34,    253,  0.10000E-01,   149.3737    ,   149.4202    
        6,   2.3010    ,     2,     34,    253,  0.50000    ,   149.4202    ,   151.7212    
        7,  0.23003E-01,     2,     34,    253,  0.10000E-01,   151.7212    ,   151.7442    
        8,   1.1390    ,     2,     34,    253,  0.50000    ,   151.7442    ,   152.8832    
        9,  0.11384E-01,     2,     34,    253,  0.10000E-01,   152.8832    ,   152.8946    
       10,  0.56381    ,     2,     34,    253,  0.50000    ,   152.8946    ,   153.4584    
       11,  0.56359E-02,     2,     34,    253,  0.10000E-01,   153.4584    ,   153.4640    
       12,  0.27909    ,     2,     34,    253,  0.50000    ,   153.4640    ,   153.7431    
       13,  0.27985E-02,     2,     34,    253,  0.10000E-01,   153.7431    ,   153.7459    
       14,  0.13815    ,     2,     34,    253,  0.50000    ,   153.7459    ,   153.8841    
       15,  0.13818E-02,     2,     34,    253,  0.10000E-01,   153.8841    ,   153.8855    
       16,  0.68376E-01,     2,     34,    253,  0.50000    ,   153.8855    ,   153.9538    
       17,  0.68540E-03,     2,     34,    253,  0.10000E-01,   153.9538    ,   153.9545    
       18,  0.33848E-01,     2,     34,    253,  0.50000    ,   153.9545    ,   153.9884    
       19,  0.34280E-03,     2,     34,    253,  0.10000E-01,   153.9884    ,   153.9887    
       20,  0.16763E-01,     2,     34,    253,  0.50000    ,   153.9887    ,   154.0055    
       21,  0.16078E-03,     2,     34,    253,  0.10000E-01,   154.0055    ,   154.0056    
       22,  0.82869E-02,     2,     34,    253,  0.50000    ,   154.0056    ,   154.0139    
       23,  0.84335E-04,     2,     34,    253,  0.10000E-01,   154.0139    ,   154.0140    
       24,  0.82038E-02,     2,     34,    253,   1.0000    ,   154.0140    ,   154.0222    
"Maximum head changes for Stress Period    22, Time Step     1"
Iteration,Max_chg,Layer,Row,Column,Damp,Hprev,Hcurr
        1,  -8.1434    ,     2,     34,    253,  0.50000    ,   154.0222    ,   145.8788    
        2,  -4.5420    ,     2,     34,    253,  0.55775    ,   145.8788    ,   141.3368    
        3,  -1.9324    ,     2,     34,    253,  0.53656    ,   141.3368    ,   139.4044    
        4, -0.93612    ,     2,     34,    253,  0.56086    ,   139.4044    ,   138.4683    
        5, -0.38912    ,     2,     34,    253,  0.53090    ,   138.4683    ,   138.0792    
        6, -0.19825    ,     2,     34,    253,  0.57659    ,   138.0792    ,   137.8809    
        7, -0.82616E-01,     2,     34,    253,  0.56752    ,   137.8809    ,   137.7983    
        8,  0.57085E-01,     1,     23,    314,  0.56180    ,   104.4336    ,   104.4907    
        9,  0.41719E-01,     1,     22,    315,  0.54895    ,   118.3752    ,   118.4169    
       10,  0.35577E-01,     1,     23,    314,  0.53720    ,   104.5319    ,   104.5675    
       11,  0.27548E-01,     1,     23,    314,  0.52670    ,   104.5675    ,   104.5951    
       12,  0.21343E-01,     1,     23,    314,  0.51769    ,   104.5951    ,   104.6164    
       13,  0.97030E-02,     1,     23,    314,  0.30657    ,   104.6164    ,   104.6261    
       14,  0.18650E-01,     1,     23,    314,  0.65329    ,   104.6261    ,   104.6448    
       15,  0.15926E-03,     1,     23,    314,  0.10000E-01,   104.6448    ,   104.6449    
       16,  0.10067E-01,     1,     23,    314,  0.50000    ,   104.6449    ,   104.6550    
       17,  0.11226E-03,     1,     23,    314,  0.10000E-01,   104.6550    ,   104.6551    
       18,  0.69285E-02,     1,     23,    314,  0.50000    ,   104.6551    ,   104.6620    
       19,  0.81509E-04,     1,     23,    314,  0.10000E-01,   104.6620    ,   104.6621    
       20,  0.95027E-02,     1,     23,    314,   1.0000    ,   104.6621    ,   104.6716    
"Maximum head changes for Stress Period    23, Time Step     1"
Iteration,Max_chg,Layer,Row,Column,Damp,Hprev,Hcurr
        1,   4.6113    ,     2,     34,    376,  0.50000    ,   132.0602    ,   136.6715    
        2,   2.5715    ,     2,     34,    376,  0.55766    ,   136.6715    ,   139.2430    
        3,   1.1978    ,     1,     32,    188,  0.53573    ,   357.0213    ,   358.2191    
        4,  0.57578    ,     1,     32,    188,  0.55471    ,   358.2191    ,   358.7949    
        5,  0.14294    ,     1,     32,    188,  0.30925    ,   358.7949    ,   358.9379    
        6,  0.20897    ,     1,     32,    188,  0.65463    ,   358.9379    ,   359.1468    
        7,  0.11176E-02,     1,     32,    188,  0.10000E-01,   359.1468    ,   359.1479    
        8,  0.68650E-01,     1,     15,    316,  0.50000    ,   120.1610    ,   120.2296    
        9,  0.80647E-03,     1,     15,    316,  0.10000E-01,   120.2296    ,   120.2304    
       10,  0.50544E-01,     1,     18,    316,  0.50000    ,   119.0857    ,   119.1362    
       11,  0.62011E-03,     1,     18,    315,  0.10000E-01,   118.6428    ,   118.6434    
       12,  0.39093E-01,     1,     20,    315,  0.50000    ,   110.4280    ,   110.4671    
       13,  0.48661E-03,     1,     23,    315,  0.10000E-01,   104.2444    ,   104.2449    
       14,  0.31103E-01,     1,     23,    315,  0.50000    ,   104.2449    ,   104.2760    
       15,  0.39517E-03,     1,     23,    314,  0.10000E-01,   104.5818    ,   104.5822    
       16,  0.24873E-01,     1,     23,    314,  0.50000    ,   104.5822    ,   104.6071    
       17,  0.30935E-03,     1,     23,    314,  0.10000E-01,   104.6071    ,   104.6074    
       18,  0.19203E-01,     1,     23,    314,  0.50000    ,   104.6074    ,   104.6266    
       19,  0.23401E-03,     1,     23,    314,  0.10000E-01,   104.6266    ,   104.6268    
       20,  0.14392E-01,     1,     23,    314,  0.50000    ,   104.6268    ,   104.6412    
       21,  0.17576E-03,     1,     23,    314,  0.10000E-01,   104.6412    ,   104.6414    
       22,  0.10527E-01,     1,     23,    314,  0.50000    ,   104.6414    ,   104.6519    
       23,  0.12355E-03,     1,     23,    314,  0.10000E-01,   104.6519    ,   104.6520    
       24,  0.75526E-02,     1,     23,    314,  0.50000    ,   104.6520    ,   104.6596    
       25,  0.88510E-04,     1,     23,    314,  0.10000E-01,   104.6596    ,   104.6597    
       26,  0.53234E-02,     1,     23,    314,  0.50000    ,   104.6597    ,   104.6650    
       27,  0.30475E-04,     1,     67,     73,  0.10000E-02,   600.8281    ,   600.8281    
       28,  0.74359E-02,     1,     23,    314,   1.0000    ,   104.6650    ,   104.6725    
"Maximum head changes for Stress Period    24, Time Step     1"
Iteration,Max_chg,Layer,Row,Column,Damp,Hprev,Hcurr
        1,  -6.7324    ,     2,     34,    321,  0.50000    ,   171.7386    ,   165.0062    
        2,  -3.6929    ,     2,     34,    321,  0.54852    ,   165.0062    ,   161.3133    
        3,  -1.6199    ,     2,     34,    321,  0.53294    ,   161.3133    ,   159.6934    
        4, -0.77105    ,     2,     34,    321,  0.54311    ,   159.6934    ,   158.9224    
        5, -0.33930    ,     2,     34,    321,  0.52308    ,   158.9224    ,   158.5831    
        6, -0.16989    ,     2,     34,    321,  0.54916    ,   158.5831    ,   158.4132    
        7, -0.75742E-01,     2,     34,    321,  0.54310    ,   158.4132    ,   158.3374    
        8,  0.57243E-01,     1,     22,    315,  0.53902    ,   118.3022    ,   118.3594    
        9,  0.43873E-01,     1,     22,    315,  0.53097    ,   118.3594    ,   118.4033    
       10,  0.37567E-01,     1,     23,    314,  0.52337    ,   104.5176    ,   104.5551    
       11,  0.29774E-01,     1,     23,    314,  0.51641    ,   104.5551    ,   104.5849    
       12,  0.23360E-01,     1,     23,    314,  0.50948    ,   104.5849    ,   104.6083    
       13,  0.10969E-01,     1,     23,    314,  0.30856    ,   104.6083    ,   104.6192    
       14,  0.20967E-01,     1,     23,    314,  0.65428    ,   104.6192    ,   104.6402    
       15,  0.18547E-03,     1,     23,    314,  0.10000E-01,   104.6402    ,   104.6404    
       16,  0.11417E-01,     1,     23,    314,  0.50000    ,   104.6404    ,   104.6518    
       17,  0.13529E-03,     1,     23,    314,  0.10000E-01,   104.6518    ,   104.6519    
       18,  0.78925E-02,     1,     23,    314,  0.50000    ,   104.6519    ,   104.6598    
       19,  0.95523E-04,     1,     23,    314,  0.10000E-01,   104.6598    ,   104.6599    
       20,  0.54261E-02,     1,     23,    314,  0.50000    ,   104.6599    ,   104.6654    
       21,  0.64540E-04,     1,     23,    314,  0.10000E-01,   104.6654    ,   104.6654    
       22,  0.74042E-02,     1,     23,    314,   1.0000    ,   104.6654    ,   104.6728    
"Maximum head changes for Stress Period    25, Time Step     1"
Iteration,Max_chg,Layer,Row,Column,Damp,Hprev,Hcurr
        1,   10.000    ,     2,     51,    407,  0.27572    ,   71.28823    ,   81.28823    
        2,   10.000    ,     2,     51,    407,  0.38066    ,   81.28823    ,   91.28823    
        3,   7.3084    ,     2,     51,    407,  0.44919    ,   91.28823    ,   98.59664    
        4,   4.5724    ,     2,     51,    407,  0.51022    ,   98.59664    ,   103.1691    
        5,  0.43896E-01,     2,     51,    407,  0.10000E-01,   103.1691    ,   103.2130    
        6,   2.1727    ,     2,     51,    407,  0.50000    ,   103.2130    ,   105.3856    
        7,  0.21724E-01,     2,     51,    407,  0.10000E-01,   105.3856    ,   105.4074    
        8,   1.0755    ,     2,     51,    407,  0.50000    ,   105.4074    ,   106.4828    
        9,  0.10755E-01,     2,     51,    407,  0.10000E-01,   106.4828    ,   106.4936    
       10,  0.53236    ,     2,     51,    407,  0.50000    ,   106.4936    ,   107.0259    
       11,  0.53256E-02,     2,     51,    407,  0.10000E-01,   107.0259    ,   107.0313    
       12,  0.26352    ,     2,     51,    407,  0.50000    ,   107.0313    ,   107.2948    
       13,  0.26347E-02,     2,     51,    407,  0.10000E-01,   107.2948    ,   107.2974    
       14,  0.13044    ,     2,     51,    407,  0.50000    ,   107.2974    ,   107.4279    
       15,  0.13013E-02,     2,     51,    407,  0.10000E-01,   107.4279    ,   107.4292    
       16,  0.64565E-01,     2,     51,    407,  0.50000    ,   107.4292    ,   107.4937    
       17,  0.64351E-03,     2,     51,    407,  0.10000E-01,   107.4937    ,   107.4944    
       18,  0.31964E-01,     2,     51,    407,  0.50000    ,   107.4944    ,   107.5264    
       19,  0.31660E-03,     2,     51,    407,  0.10000E-01,   107.5264    ,   107.5267    
       20,  0.15825E-01,     2,     51,    407,  0.50000    ,   107.5267    ,   107.5425    
       21,  0.15960E-03,     2,     51,    407,  0.10000E-01,   107.5425    ,   107.5426    
       22,  0.87237E-02,     1,     23,    314,  0.50000    ,   104.6453    ,   104.6540    
       23,  0.10928E-03,     1,     23,    314,  0.10000E-01,   104.6540    ,   104.6541    
       24,  0.65076E-02,     1,     23,    314,  0.50000    ,   104.6541    ,   104.6606    
       25,  0.77947E-04,     1,     23,    314,  0.10000E-01,   104.6606    ,   104.6607    
       26,  0.94975E-02,     1,     23,    314,   1.0000    ,   104.6607    ,   104.6702    
"Maximum head changes for Stress Period    26, Time Step     1"
Iteration,Max_chg,Layer,Row,Column,Damp,Hprev,Hcurr
        1,   7.6773    ,     2,     51,    407,  0.50000    ,   107.5583    ,   115.2356    
        2,   4.2550    ,     2,     51,    407,  0.55413    ,   115.2356    ,   119.4906    
        3,   1.8360    ,     2,     51,    407,  0.53627    ,   119.4906    ,   121.3267    
        4,  0.86924    ,     2,     51,    407,  0.54750    ,   121.3267    ,   122.1959    
        5,  0.37744    ,     2,     51,    407,  0.52538    ,   122.1959    ,   122.5734    
        6,  0.18870    ,     2,     51,    407,  0.55339    ,   122.5734    ,   122.7621    
        7,  0.83229E-01,     2,     51,    407,  0.54656    ,   122.7621    ,   122.8453    
        8,  0.56678E-01,     1,     23,    315,  0.54205    ,   104.1196    ,   104.1762    
        9,  0.43073E-01,     1,     22,    315,  0.53331    ,   118.3639    ,   118.4070    
       10,  0.36872E-01,     1,     23,    314,  0.52514    ,   104.5215    ,   104.5583    
       11,  0.29106E-01,     1,     23,    314,  0.51770    ,   104.5583    ,   104.5874    
       12,  0.22798E-01,     1,     23,    314,  0.51069    ,   104.5874    ,   104.6102    
       13,  0.10649E-01,     1,     23,    314,  0.30812    ,   104.6102    ,   104.6209    
       14,  0.20375E-01,     1,     23,    314,  0.65406    ,   104.6209    ,   104.6413    
       15,  0.17582E-03,     1,     23,    314,  0.10000E-01,   104.6413    ,   104.6414    
       16,  0.11078E-01,     1,     23,    314,  0.50000    ,   104.6414    ,   104.6525    
       17,  0.12799E-03,     1,     23,    314,  0.10000E-01,   104.6525    ,   104.6526    
       18,  0.76532E-02,     1,     23,    314,  0.50000    ,   104.6526    ,   104.6603    
       19,  0.89907E-04,     1,     23,    314,  0.10000E-01,   104.6603    ,   104.6604    
       20,  0.52610E-02,     1,     23,    314,  0.50000    ,   104.6604    ,   104.6657    
       21,  0.60651E-04,     1,     24,    315,  0.10000E-01,   104.9520    ,   104.9520    
       22,  0.71592E-02,     1,     23,    314,   1.0000    ,   104.6657    ,   104.6729    
"Maximum head changes for Stress Period    27, Time Step     1"
Iteration,Max_chg,Layer,Row,Column,Damp,Hprev,Hcurr
        1,   10.000    ,     2,     34,    321,  0.26048    ,   152.7208    ,   162.7208    
        2,   10.000    ,     2,     34,    321,  0.35223    ,   162.7208    ,   172.7208    
        3,   5.2279    ,     2,     34,    321,  0.28428    ,   172.7208    ,   177.9487    
        4,   3.0551    ,     2,     34,    321,  0.23211    ,   177.9487    ,   181.0038    
        5,   2.9837    ,     2,     34,    321,  0.29520    ,   181.0038    ,   183.9875    
        6,   3.0311    ,     2,     34,    321,  0.42549    ,   183.9875    ,   187.0186    
        7,  0.40926E-01,     2,     34,    321,  0.10000E-01,   187.0186    ,   187.0595    
        8,   2.0258    ,     2,     34,    321,  0.50000    ,   187.0595    ,   189.0853    
        9,  0.20254E-01,     2,     34,    321,  0.10000E-01,   189.0853    ,   189.1055    
       10,   1.0028    ,     2,     34,    321,  0.50000    ,   189.1055    ,   190.1083    
       11,  0.10033E-01,     2,     34,    321,  0.10000E-01,   190.1083    ,   190.1183    
       12,  0.49638    ,     2,     34,    321,  0.50000    ,   190.1183    ,   190.6147    
       13,  0.49622E-02,     2,     34,    321,  0.10000E-01,   190.6147    ,   190.6197    
       14,  0.24571    ,     2,     34,    321,  0.50000    ,   190.6197    ,   190.8654    
       15,  0.24532E-02,     2,     34,    321,  0.10000E-01,   190.8654    ,   190.8679    
       16,  0.12162    ,     2,     34,    321,  0.50000    ,   190.8679    ,   190.9895    
       17,  0.12092E-02,     2,     34,    321,  0.10000E-01,   190.9895    ,   190.9907    
       18,  0.60208E-01,     2,     34,    321,  0.50000    ,   190.9907    ,   191.0509    
       19,  0.59855E-03,     2,     34,    321,  0.10000E-01,   191.0509    ,   191.0515    
       20,  0.29804E-01,     2,     34,    321,  0.50000    ,   191.0515    ,   191.0813    
       21,  0.30202E-03,     2,     34,    321,  0.10000E-01,   191.0813    ,   191.0816    
       22,  0.14748E-01,     2,     34,    321,  0.50000    ,   191.0816    ,   191.0964    
       23,  0.14060E-03,     2,     34,    321,  0.10000E-01,   191.0964    ,   191.0965    
       24,  0.77595E-02,     1,     23,    314,  0.50000    ,   104.6495    ,   104.6572    
       25,  0.93828E-04,     1,     23,    314,  0.10000E-01,   104.6572    ,   104.6573    
       26,  0.56867E-02,     1,     23,    314,  0.50000    ,   104.6573    ,   104.6630    
       27,  0.30493E-04,     1,     71,     66,  0.10000E-02,   583.7019    ,   583.7019    
       28,  0.82248E-02,     1,     23,    314,   1.0000    ,   104.6630    ,   104.6713    
